indice_archivo_original,grupo_perfil,sha256_perfil,fold,conjunto
0,0,2002cf5f9cc905cc4eb53a266b397678d46fba4f8ff4a1e3c292a99eee8919b9,5,train
1,1,48936ed0ff279bd6f28a8f1497362fddf3c9adab25cfd41e0ddd6284c5615043,5,train
2,2,6a9f94d01accdfc1813e4d52f607098e47fdf20c8db3a48816ca7d0563ccdb80,2,train
3,3,36c529755bbccd3cd821ab162519b68d1f36f4a9ab46447d31165c82ee1314f8,0,test
4,4,f5c9c5f78cfd352d2096aac4000a55687586178edf98b18ccf1d9870fbaae6cf,1,validacion
5,5,e0fd54d6782f89a78dafb8f3588f7aa3c34887dd6b5fd57e052b507f6f1fff61,3,train
6,6,2ccf790754cb000eaa4b78a836e6e5e30820b33c1055cb3db6c0f0bedfb84881,4,train
7,7,767bac3368198107c2c18c45661a49d886aa96282245d9a27aac32da5b4945f1,5,train
8,8,8619e2fa6cb739ceb9c4a9fdca8fe293852a90a3a1f4154254d2856c3596d9ae,6,train
9,9,22ed6cb228e7e604aca719412c7d3a4094d8fc750d05f85db8301a331b9f8499,0,test
10,10,af10c863d4751b3c969aa676a184b97a87002ff1b0d2e7107f79daa9d669381b,1,validacion
11,11,da2a882021e045accbd3c7494f1ca917b1cda3e66cef3352f4a26e55bc4a8dcf,3,train
12,12,a5e3e5a691e7f52ee3958097a2cf14d3a160d4aa710b04484f74f1b705417487,2,train
13,13,9df8e8ba4dbe2b4cf2b47e497e017583bbc342625b3e7fc75f9b4459ac9fdeb5,4,train
14,14,6fae5042a0758a013019ee858c14d12c05cdd135b809a47b68aaffa06dd14ebe,5,train
15,15,96c13aa030a5fdf30e3e2f83290c2cb3e271f8be927cb49bc771b95eb554aff2,6,train
16,16,426bb527930b9addd0209aa2a0b84fc4703148f775cbbd82af767f6eb8d024ed,5,train
17,17,21c724a38eb25cd8fac3172a88376cf7e6b82144a5c4f42317f24150ce4a1b29,0,test
18,18,0b5dc8e233b31015e13d7a7140bd7cdb2c2b98e05d0c0b35caaced0a5785198b,1,validacion
19,19,6e526f6510020cc6bcdd49b9bfbf9125a8aabf16c81577b1f847d6f3ded53a76,2,train
20,20,dd6d5bbc626030eaafd7652190dcb410ec5764c3877ed7fd7be09764c1d78797,3,train
21,21,bb5cfbb4f8c94ce742ccea780214b47d34294580e5d4f0cc11d791b5a1dd522e,4,train
22,22,a30e5b27c41fd9a837797adb623dd7c50918bb315337a519776ac6cf45d7db5b,6,train
23,23,6517e1557f0400f58a61e827aa70d9b13839b56439cfe03f57fabe0541e244b1,1,validacion
24,24,0377e62adb050c5444af9ebdbee60a8db5cfc179ea671921ed444efde23e46ad,2,train
25,25,1b64e9bbbbd7362b86a70bef91f76bbb091a5a337c0e4f951326403f4270aa78,0,test
26,26,1de95a0645e3a66483d07fbbbeed69118fbae7918599be09ec8d1bcb35f0bdc6,3,train
27,27,c210058b93644c8d1374c9dc46d954934a958f89aa2e87243257ea9271b59deb,4,train
28,28,0886e87a4946d9712a648058d2120b0e30f4a14feed55fc0d1bad86c5ad47387,5,train
29,29,a9bb494103a9dc8b0c478305c5b9e12371beac957cf7379c49f9384fde16f09c,6,train
30,30,8038fc04c20921ee26efeea483672b29f571bb50c46c67b7347042acf4a2baa4,0,test
31,31,ececaa11585f5ea031c5ae6dd99d158c5d05044d75f9d6308646ca9fdefa7ad4,1,validacion
33,32,00ab948b1026f12cfbd3915c05fb96f4ea247529303db1cf820770b44583c36d,5,train
34,33,393a704b0fe742cf07e61c6bf5e8aea07d14e394ad0b3e41cb49a91b18a565f4,2,train
35,34,8c10a8255316a7e9ed64c87bd1131d8480f0e1d04425d520e6d5c8a577b1ac9c,3,train
36,35,734f743ba5552da791000ac0ba5ba5fbbdf997cb723df5174d23f8f04b7bc24c,4,train
37,36,1f896dde794bc774d868931de593f8bc4d51c6e832f66c27c1dd3b6ff438e525,6,train
39,37,c438192ab54f5e379ecd92ff86776d1cd332940c516dbdce1596da3fd644f62c,0,test
41,38,84e04414bc58821a8d71c0fd9743c3a7bff12dde0014e7840602b8f3f726fbe0,1,validacion
42,39,deddfd022b551b40ac6ba3ca28d9b8f79fded88a322648c2b2b7667183b353b1,2,train
43,40,706584af6a9c3648dcb00ba08de4a9e3141e192abc4d96b4f42162e7c339934d,3,train
44,41,6239cac5781efbb2cb2124204ce4f08708a1a56918e18116526bc84623dc57d5,4,train
45,42,d9913b27da607c6ee65879b03a3f4721250cf249450263a9d1cac584ac596bf8,6,train
46,43,78375e4a635f10940a75535f939ef0eba69e2e400d7b1291d0edc78610420265,6,train
47,44,322fca97817bf71a5a3a84909e8aa8ac42876b4a359f02852241a66f7f4ea4a5,5,train
48,45,f3134a23f8b99bc098e3eac1549f784bcce338d8e58c66d38507b380d2525431,5,train
49,46,26c703b2cbfd88d86ee2905788439de81bd24342bcbeccef646a0283e0707f95,0,test
50,47,908926ee19ec3e6f95b008d371769b5c9e519e7a1bcfb69b40004610e6cff23d,1,validacion
51,48,7df8fe11261ea552cf86464057116896cf7365f0023747ba34f429267e052f60,2,train
52,49,2d42191d2cd2d3c8736db326b1a4efe2b3ebe1adcaa7f5fe5b2715e39b2202fd,3,train
53,50,97fae4f03e53fdc495dc8f7c55a079e05d9884b8c43ee5e35606d6d5b67a6eec,4,train
54,51,df42b745b6fe92a829cc7bc8dd45ef0a32cd0c48cae870a5a1ce34d84ab1d4fb,2,train
55,52,d23c7fdf7f54fd126edc005e86938293f4d828a571c4bfe98880bb3ebbac9d2e,4,train
56,53,f6a6e379a86d5b4144dd0309d1fe1ea0facc0e09ae7c6113a4aeb093c9f9bdd6,5,train
57,54,6078472a537320187f5d10413a1c7e3db525d2c2d6871bb4cd1f9822163c4b50,0,test
58,55,211bcffdd4edefd17d881a9e94c7bb6e154ceee3927916482b80467873576acc,1,validacion
59,56,e92f203832951ae543a3f3c9a919332257cadc7f57dfecf4e8583600a002937f,6,train
60,57,530344992c82a913c1f2b878d1b78219a6b8107574e83ebf6569b2ff2bc08a26,3,train
61,58,5a0d6b5470cd2add49ee87c43187cbed8162b905645d1009502ab65e8db4366e,0,test
62,59,1df9566031a585b86ce049778b55b8da0f7648634ded5dfc1950022898847665,1,validacion
63,60,620bef3a7d0cd09c3bb8c325eb4bcea3311a22129ab1cb36ea56a31e281f4a9c,2,train
64,61,c176aef96481184c2797aa4b9ee11b5600ba5e809e22189d70ee1d85f2f10789,3,train
65,62,b7eff5d5bff1e8b4c2de591b6f45783e311564b54726046b04abe3380420a418,6,train
67,63,d0140e8a9a1471ca622cb81a2887196d7e81e4804964bb8c161058975372afe5,4,train
68,64,e71e8045ba76515a3dadcb3e939165554c1d4bb97c6f82093ff99a7ddbf61875,5,train
70,65,6e3b137ba52c540b49d0eaacfc60289a9572d9d866161eae56645105c68aed5d,0,test
71,66,0197fde3e11f7c96f8eb3b865e43a188d63801868e82161985b8f92a0082edb8,1,validacion
72,67,39ad02657e88c0b92509a8c4a563c42845e7b568024675b0001f170118f42079,6,train
73,68,4fa34b62abdbf3b768912d5666e6541f0d505b8fa4e2104ced58f518ce1c2b84,2,train
74,69,d42a71c08b69eaec9d34086e26f1535e12edff70bd72a5db203d1fce784f665c,3,train
75,70,0fc5c62266433d3a04e811cc3997b617703b4626bf523b2ec65cdb7e1a48dda3,4,train
76,71,38cd6e6aa76aa5a88084fed78f91d4e9b292274c0eb6aa91323bfaf09dd7d3de,5,train
78,72,aaa8254cd7d8ba7947397a2736d377fa32afd583eba8a71068306da144f6033a,2,train
79,73,7a6c4e441d38fbaf310358abde479c1945d856ebe3d7a5f7a4836d543d185594,3,train
80,74,1650790d585fc4ab9a7e718b0897351c1ba5590a255e8a35185b9d36eacfdd6d,0,test
81,75,7c598fa66d4db6405b89ddee4e61fdb8118e530b3c8363a5d603c04682f68f96,6,train
82,76,9b362940d6e5a10e20d28fc22153f5c5bcc670e633a48eac1f69e244d725f5dd,4,train
83,77,1d5d2bb32e615573d77506557f78f862b48b9fbe435a4284bdde83ded0cf75fb,3,train
84,78,32377219b22e90744befdcb073d924f2a07bb8b02d6c6e013783796dc720db99,1,validacion
85,79,b18bfdc87916eb27980bee4d6b3c9b09953e59192947355a2abce781730c62d0,5,train
86,80,cff3270cf698c0d77caab1a8b4a24658412a6a7720ca46452ec8e1eb7d5a63a3,0,test
87,81,d1f8d6e17751a4d193dc058468e43b39e476236f60a556e638a5dd86833be15a,1,validacion
88,82,4efd6c5ddc22e1dd85cdfe06a298d2b93a64147d50997822272d272f3bc102b1,2,train
89,83,e81c51000d72a6d7c1454a1204dcbb0eb5e06c24f8b9ceb8cffa4497f17ee5a6,3,train
90,84,e9a9f3b66e4f7c4d3273c919e7dde18bbfb9fd55fab91ec126e96a49392d7a8c,5,train
91,85,e1ca3d804d9a0bb651ec45ae3be65b6fb5792ac47d4085af028deac8ac63da1b,4,train
92,86,49b0ae90870f34bdfc31194e94f536a0c333970cdba378e6f3e4898c8c2f1bff,6,train
93,87,136b233966ce9e21dc109c502ee0b28bc4bf24383a69d36734b6a7f504c6b2f7,4,train
94,88,80e2a19e2e34127303137725dd00d310fceed726b377034798659b68b23361a9,0,test
95,89,be9113bc7bd28e690f263109dcce38bc7525fa52c54d510ec29f2e654c08695d,1,validacion
96,90,cf941ac8c89dfab919a51e59b8de1e23c8fe15eab6437ae9fd81faf4e687ea9d,2,train
97,91,e1c83cd27e8ae33b8f5692c3edab38f6efa4895780529dd7d0878ab3b83d37ce,6,train
98,92,edc3ff90c0a9d3452f15ae2244cb48a707f8d5fdcced73f9d729b7495bc8bcdd,3,train
99,93,7f760953d7dbdf0bd4ee0609874956f231b8b7e6d7ab9fcf3e903300b4d2782c,5,train
100,94,0ed3610d9b2da5134eb5e56f5b5e47dd8a19a1733e938740d64a092a32176271,6,train
101,95,262fa76a58eadb773a4353044f640bd1322ab21fa9a12cdb709831ee0bc2b564,6,train
102,96,51c16a61ede921e591faa37dde53d7a346c918dc06d866e13476292989b6b17f,4,train
103,97,baefe0c6b3acde144de6450743ea846222da312034789e5c4bab707fee7d6318,0,test
104,98,2ec5d131e528a1907a2f3c596491dd10ea2c2a83a37d6c927f999427e3722827,1,validacion
105,99,9b5fbe150e9109ae81205fc2f0ca708e6571d05d12287bb10c04b66a97e6144a,0,test
106,100,4e6551d9b916bca1e243878b3bf4adb33d09a1fd7c75b6af7f135f21d4377d1b,2,train
107,101,728c9d0469b7266b102b55ce89f1fc9bdc6e9c9f176c4e5e74194dd4b30f7446,3,train
108,102,76542b0e59e21aa91075f4d1dc6d7f1b27a28c1e99ace95a6cea961aa3231bbf,5,train
109,103,f12accf7f6dfa5541c872c05ade0f409215712a13a386f4cbd916210f16cb357,0,test
110,104,738c2e4cf9ffc45d8f48f575dd920bb7fc87cfe99a79e1ca31abda826bb70668,4,train
111,105,b33c0e06f5873b76e21aeba2c46dd15a77700dda132e274c1b1e87391885db5c,1,validacion
112,106,05a2042bacbc7e362d8de45640cd464175cdce3bbd669e6bc848af03c51b5a46,2,train
113,107,8568cbdc0fd58a22967c2adfa76ca9137f4c89399369177291e90926855a6572,6,train
114,108,4047caab2160d589c59c8b84fa9da5f47826adccb4314910f8d971bc008ecacb,3,train
115,109,64becfd5b3f733ab5b3afa295c51bcb8c2ed252ac49f769689970457ea10cc42,5,train
116,110,0244aae350fa590477beef601b23d7f9c7a6530ce3c1e81541b1be4d38b652e7,0,test
117,111,b51eb7f0568f72a0531accc4b0b601c44be686efb9e2f1498f625b62630120c8,1,validacion
118,112,0468611ef5f7ca9db0991a8b9d56f7a2ad73737148a7f1652b4af87df42446b7,2,train
119,113,fb5a2591b7d8526e3f8fb43eeca271d9edff5f5c6078022dd0325f7bdb375554,4,train
122,114,2a9e9779d8083877b96c5cf35f7f8b260db43e6506e81cc460f003b71bd86cec,5,train
124,115,ff0f6946c26c69a988121aaa8fc816339b0e5d61a0b3f34a1ef12153e94c1d91,6,train
125,116,881ee62c460b78e207d1b1aaa818a0c35b72a63a7c3418507a4ac89af80ea07c,3,train
126,117,0a664cf05f3d3279fa59dd9f58bf722d9a86ffcd8c255cf4573b50c153b67cf5,0,test
127,118,def356ec09a1d39a389b673d37e2035131e9aa83b766962b99abadbc288c7739,3,train
128,119,2ad0c0c7b7168fccc541e70444c87772acc082fb4106c7a42679bfeb2d416a02,2,train
129,101,728c9d0469b7266b102b55ce89f1fc9bdc6e9c9f176c4e5e74194dd4b30f7446,3,train
130,120,8cab84d80d1d5ad28113934acd134d739a3e9b03d99377720b263e8dca1ad90c,1,validacion
131,121,c81415a0e46ac3a777aba1b96a3fe97b437228e231bfa02bbb2ee7ad9320c5ce,4,train
133,122,b6c0e72ad24b9986b44becd9912df6b7b5ef7bc6b8421bb041bbf6ab740280db,5,train
134,123,6ebb71a491e30dab43fc06c49c88b47868d5da3e9665d23bbeae84d4b8c4283f,6,train
135,124,b718e42e5a29b853a09c4dd5a64da23b397f79ecc4281ed08f291bb8217a57b9,0,test
136,125,8a16e3a91226544531d1b28f26c78843699472a2ed9fe9b6aa822af73a5a42a1,1,validacion
139,126,0fd7c7f700c3424f6645a9d37df98db91bac6c7c1279b1332efaa67a8d4b5eda,3,train
140,127,04d5496926a07d69336dbf8aecb83db990fd66440a4370d003bed160c6174d73,4,train
141,128,2fc6bebb94f6b1756ceaab4e19f81f718659f556d951c19938cfebd3e1db3fdc,5,train
142,129,7edf05771e98dca0597e53710d4f89116700d07db3f74f032aba2d6a98e39c44,1,validacion
143,130,829aa6b044239e99447ba2e772a27155b9b4ade0fee8bb9c2e12e52d05ab0639,6,train
144,131,cc44942e355cb703d7be15abd5450526efdd06be853a57a21598bc3153c978e1,3,train
145,132,3f57e7b25819d7b7c5f0cd50a246af75fd4c08b93e05c684b8da8857765170f4,0,test
146,133,6c99e6220890a4ca91da3a5cdaf385ad5541fde4974db96ef919541097570e6d,1,validacion
147,128,2fc6bebb94f6b1756ceaab4e19f81f718659f556d951c19938cfebd3e1db3fdc,5,train
148,134,250b1550215863ffd00a58fb167ba922f011b3370032688220335c62bbeaedf8,4,train
149,135,0c92b76e86663e42d37ba014d6677cc083b2f6acb55a1f3430c280068a053517,5,train
150,136,12f4c4a8c743e685ff1c6b1c1d8a0cf2435d90f6e30c775b60c7e6014a2715b5,6,train
151,137,4c2728141c31974de7c78547b5319cc49f9f328cbd36c905e9dbe1a9986eb699,0,test
152,138,9d1ae5d47b3b221aebfc1c3b8409d8693a4f64994150f4ca6a8a61811716ef3f,2,train
153,139,1dba32e97a76d76edb76cc57914e71ed75be012c301ce9c8c78e193d189bf980,1,validacion
154,140,fef4256d845987f573a526b2aaa7d2e5bcf7bd91d05d537e9a9ddd419ab226b7,3,train
155,141,4837a77acf1adf3ada0de08e2ab429544434988576d49b5d3081efe53d5f10e3,5,train
156,142,04f603300a1f29cb46d326839adf4fba7f7a12203094cb3c10f6493047dccd27,4,train
157,143,242f92bb95084f175b0c3ea723694d47fabe2be622cdc18a432b46f6269660dd,6,train
158,144,c66fb489b3d5bae26fffb82e71ffc305bc20da2a0d198049b067e85813fba7bb,0,test
159,145,56c343d7cd8af80a903c832e437b7afca5ee595651a48c2da3790919025b81ed,1,validacion
160,146,72b76b418a4e87e8db2c57e2fcf9a02006a332c716166c4fe104258e45320f22,4,train
161,147,cefe4d9adf287e6e33bbf755ca83565466a0da0d6c9c1584973f587102a93399,2,train
162,148,03e15740272442bb1d3fbce5feda1b2845e0845d971caffe95841c2ebf5df13c,3,train
163,113,fb5a2591b7d8526e3f8fb43eeca271d9edff5f5c6078022dd0325f7bdb375554,4,train
164,149,d605a79144acadbf6c28cfe8412a11abd6cb8169c8c85eb178c4360422f1ea86,6,train
165,150,250498f3e37e62f61b06f8c4913ff58b70935435312f31f0e5bbfacf51da623d,5,train
167,151,2aa45e5ff49da00b49de2af2e975cd70df0957cabb930db92f8c38d100581f8d,0,test
169,152,a3f9dc87dbfbed99c31c5bf1848e1525b7caa062cf6c18bf72763ec362856dc9,1,validacion
170,153,6e5105ff528ad4b90c167033e22bc1b0ad498d0d24a6c0b294922341be52b9a2,2,train
171,154,94a6b1f16631874ca96bc7e3c23e1b8f5242f46fc5afe9631556c4b8890ec85b,3,train
172,155,0734cb673ee344908c4b76451523b0b0240d456d41d32d3558f19f5cca817ed8,4,train
173,156,f94553ff6791079d482a9499c413383925f0c39fd1c12ea26681aa90a97583b3,6,train
174,157,c268087bf5bcee82c34e9db044f0ee85823b760e765260707f1004e3c7010a96,5,train
175,158,d67b95c900aa445c8602b08088529c386c6c943c8c68364461c31d5eca68f816,0,test
176,159,459ab548e41ea78efa0b53434f9e54c0c4ba18d2840fcf2dfac7677291b2f1b5,1,validacion
177,160,a1f2ce74117e25ea8188b564948f76704b2c9ef129e9139a848904007ea981d7,2,train
179,161,c18975d025928e0da67b6cc6d33fff49ed0aded3e4c560a20e2b419b727406d4,3,train
180,162,ed15a84627c569a287399713cd0250bd14e955e825a7902a50592ac01e1c2be7,4,train
181,163,57a2671f204dd6e8fc4b7cfc1b135eb908eafd7f96c2763af6fe95ee7887c7c1,5,train
182,163,57a2671f204dd6e8fc4b7cfc1b135eb908eafd7f96c2763af6fe95ee7887c7c1,5,train
184,164,7b1b555afa7481fe052cee6f55efb4cac1b13b8c5f153693ce31c93a150bb0c5,6,train
185,118,def356ec09a1d39a389b673d37e2035131e9aa83b766962b99abadbc288c7739,3,train
186,165,361f90cc367c74200ab950087d9de9c052e06644f8e2d6963a1ea3064ee1d2bd,0,test
188,166,19532fa41cf3e60e5ea97ed1eb25aa343fd88a5fec7aeee963b2f05f43953a6c,1,validacion
190,167,a3c69d030530c223868489308f9e2724939df5fc12c1eba4fa20d5c46c0e7f87,2,train
191,111,b51eb7f0568f72a0531accc4b0b601c44be686efb9e2f1498f625b62630120c8,1,validacion
192,168,a161d8711dcd86184fa58cd137314b77d6c06538d45328d35807adf0651eb181,3,train
193,169,5e8865f18362915416570cd047f70830ecd1371539e86aa9d115428b4c343d3e,4,train
194,170,bc8d9da369810cc9d58ab32642aa3feac4109db6c0c829c2a1b70f48e022c999,5,train
195,171,8910294edcd0131cc9f192764531e0ed29ef5039d9f8cb714bd625b476b6523c,6,train
197,172,5a99b5522fee57d3a03d1ad29476da9de4c739e42a75141a31386af00ffc25b1,0,test
198,173,2670494bd92c4c744b249075ad268d731d0132b87fb713ef39d7d515a7a04462,1,validacion
199,174,690ace9362b220b4e4830f522e622eceeaf75b99b280682d779365621b50d79d,2,train
200,175,d9c8efb10434f33a430d2d8adef77422eec400b5d969a085447f5f4319feade7,3,train
201,176,92f77718a705e4d4952103e1377d00fb7975cbeedd87a6c99f6bc56c3d11218b,4,train
202,177,f720ad51e883d608d39d87c6757eaba59f1491ce65cb227a041471bc8e14cfe0,5,train
203,178,6435d32f5aedccbad6906e1f5925e5b8a829fc7d9f13e5955f4bc174645f1fbc,6,train
204,179,484af8446ce3f21b235ed30af392deee52317078ecb695f84ac77a070058e725,2,train
205,179,484af8446ce3f21b235ed30af392deee52317078ecb695f84ac77a070058e725,2,train
206,180,f31b71683774c65157b4a718acaa27c85881ae65cfe1a7e3d772de120107f269,5,train
207,181,7a23ec9c69712e8974f6d7120c2a2e2026f308623d923a62b9ec656e7b5e2f55,0,test
208,182,86c540f86cba6ca6416f1e19c0ee1b9c017d53ba818320b2b6e590611c04afe9,1,validacion
209,183,7b86848a5341c7e3323d6b197a13912ff6d771c395a2e81b4d277c8ddc4a0022,2,train
210,184,405811ff0f8b901c8f1443ccbd43aa2eade6c83b407da5d2f9608c9c9cc4c619,3,train
211,185,c0391a5c05a377d17cbaf8f33e45dc6a073550cdade00a4e2de2234da4bfec42,4,train
212,186,38ed3dce3a63f5ac06576647ee5f1251d747ef2aefad3696fb42865283c03e5f,6,train
213,187,408876a5ac8d80ce523bc73da3c0e1609ff52f75abb3fc41e190575c09457a0e,3,train
214,188,1c2b9e2c08e7b9ecf538ce0cfcf3be8fd0a8620c15c8fff4ba78f188c2741946,0,test
215,189,4d24e45c15455f0f0b6406ef9fe7e1b19d6c0139188c6e24592a715d7c6e7a65,1,validacion
216,190,5f2182f6648ed9a847c5882b85755e608fbcb3953f53859ad54c3ae1a874d5e7,4,train
217,191,5910117736f3de0f459af6753a9bda8cd38c5b0a1c3451c1d15b804b5ea60e65,2,train
218,192,c63b8cb53818e92116cd1c1a2938c214f5b18f9be42622112b76cb4c37e9332a,6,train
219,193,99c37514cfaff229f334ae6685e9164288a78ce9a11dec876985723ab2673e1a,5,train
220,194,2e398f7cf1731093b4153c143fc76f65af0d18bf55b03c0f6f70b007ed4ecf3d,0,test
221,195,b82265bde9941f6509dea751af3bc131710accaccbb8a951da22162054683a13,1,validacion
222,196,b92d159ae64ec5932fb615f3509379e9e60909cd53b2abefaf1de66b71fabe37,2,train
223,118,def356ec09a1d39a389b673d37e2035131e9aa83b766962b99abadbc288c7739,3,train
224,197,5e30350bb4773defe46ad14338354e5defa6bcaa2dd0eaddef416a811a4b0e6e,3,train
225,198,e75caf015670bdf07f309a93e38be2d457726d7b5834de9863927264b9a880d0,4,train
226,199,befca335b6f16f64b2fcb8be99848090029c4f9d9bf0c2bb7e6acf8203ed28c2,5,train
227,200,bc7acd9dc46a62475c2f60a33e144aae8cac8a3a327611e0c021dd2002bd2242,6,train
228,201,6a77544d5ebda62c30d3880084d8c4f5b1d35f7097d8ffe6a4fbbc5f9d2f9ebd,0,test
229,202,36a4679c69751d874d3a6e54e254024195f9a9162f52cf266bd9b09a021df51b,1,validacion
230,203,c7d0d00a5a81469bb52086603927565566d54749a8866cd7a9e7f17942ee46ef,2,train
231,204,85a8bc9ff85153343714cd028315d34177a43a6e2f0f8d835ff739221ca42d1f,4,train
232,205,a53b5d953a3ba232e1391d800ffaee7737394f8b0f85397ba4cc8169c981f5c4,3,train
233,206,3fd38e1b36fbe4e1c551e6c584f2260c089e11d71fe4fd4f0b1c6c89dfc89a05,5,train
234,207,a19da14b50aa1ed4323b9e4d30cd180a91379ee7f9cc50fbfdc3b7f9cfef2207,6,train
235,208,b9dc6330b019d3a038735c9bfb8e6377ce6ea70c99c57cc85fe802438c398ea3,0,test
236,209,79b27afe748a2e39aff0938ba4de89a13c8982e99362c7c8c8e9a39ae7d6364f,1,validacion
237,210,a1852221e915d87fa202a6f55e192e5747e9dfe1d33e021db61bd9977e2bf337,5,train
238,211,5aa94d3feada7dcdca64968da1ff4acd579a4f567c33d2ac3ab4a5651b922274,2,train
239,212,77ebc8bc3678e0f1f7b51bde6b217103116474c15fec0db3202a082de357a01f,3,train
240,213,e845248fe018b48042967ae413ab52e1cca281cbc2c617f456510d23c4bfd3d5,4,train
241,214,4250d603db854629a60a6918fae3aceb3e3187d2875db24f89f8db91b335dae2,6,train
242,215,d86caf42271053085b0db9ec575fe64a8f6c7b8220dd1c77b7b70000285e6c93,0,test
243,216,ab0f559f8c221e398b92549b5864f5d24112ea63479c794047f57be0c43c704c,1,validacion
244,217,c3586227413244c3d4c964e615878c4238d81004be1b9897fe54f7f1403c9923,2,train
245,218,0e8baf8aa3a447ad9199304905b94f07e0ebe0f817cd723034e466c4e6317e9f,6,train
246,219,0001d91c3c32312c6e134da72fb1fe085abad8e2cbb55f44c8df257987393764,5,train
247,220,6ac92ce1425b7720352ee328f0f646225d9b03f147f64de85e2e94f6c60a5884,3,train
248,221,b721f74c559de65bb1ec46a848fb5ff203479b0f285067b2f494a4847b2d595a,4,train
249,222,7b3a6a7542cb0558aea263a7e578465395c19f6d19f3a13e26153b01e9c997a0,0,test
250,223,9bcc1ec17282f5de1216ae93628950187a4614f7599f0a86fd74a3f61cb1730e,1,validacion
251,224,1778338ff0b477a7a0c7a2bb5b94728e0f7b63e352bc80a0e904a8db62e860a7,2,train
252,225,984e5d44c384480ce6133f077a960d66ae436e7f6471843124ec6a963d8014a0,6,train
253,226,4664536eeb150ab5ef6d612b9d5164ccfcc5079a8bd614ecbf3998238c87f64b,5,train
254,227,e391663e6b6aed644ee7e5da46ad587f275fe22830f2e69d4b77dd82ef28b04b,3,train
255,228,3fbec1ccdebb5ef3c888449f82ae8010ad7afb61db0c04d8f9da961d6635be2b,4,train
256,229,bdd3eb11fb2bdedc94139168cd3e768577e0424dc1ffd712a03b12cdbf985b4b,0,test
257,230,3b9db8df064093edc01aa81b1f6549a4970dc6ef00ac8d41399f3010382f0323,1,validacion
258,231,860661b95aa179478f653466840cd709d0c2b85969dbec94f5b99082c03217b5,2,train
259,232,2d6120d4304c1959e1d456261a8ba658b4a4d134dbf726814d72b97fdcc773c3,6,train
260,233,48d5ab0ef6b56909bcf52854a4f5b75bf9c53bd7b85b191f6311dbce8f85c011,3,train
261,234,6182395770d7df71d56868e8355cfc36cab84b4db71d48a63d3725060688558a,5,train
262,235,24c77998be9de4f6a634a913840fbcc9a4e1161cd36ea45ad727cc7d4b63bebd,4,train
263,236,83e4c96e502f860cd78b9715f7f8d3e8762c4a3c75c0b34d089b2606e469c1a6,0,test
264,237,0b9cd6e68c2fd07de54a051d894402bcd066a79e851e42a58e24079c252e3b7b,1,validacion
265,238,d5bf4eeb97ebccbb16aab798bc6c7d42f05f6e241f5fd1fa952c1cc86d5c31ab,2,train
266,239,8daad09c22f823cbf61df891f82764b85225393fe5e5b7dc8ff3ec369511f7dd,3,train
267,240,c2ab379084eb1d1d8f68782dc13ce015a5391ac045decfbf780cd64420ee488b,4,train
268,241,52562785438b8a198ab7ea1a6e149b6050704d9cbc90d5be78760a6861c2699e,5,train
269,242,8b7813c0890a7d4958795b38b756cd3cd7eccc8ac923ac30909de8744071c2b9,6,train
270,243,c6ce9bc2485cb426adad15ddd6efa7b2fed5b441ea43839b19bf941a7b170067,0,test
271,244,9870210fe0d0429ae0d47f048ce01264cb110a10b957e2fe6e4bbec51bc5b829,3,train
272,245,8f70a92b65f07cfd6f8c7df5f6822d2515a9b9c43ab50fb8b4eb528092393ec0,1,validacion
273,246,1c618687579885163736a3f69b60dd92e6ea2653952bf145d41b396f680360cb,4,train
274,247,bba0c257ea7de9682dfac19d2c13ac06a8c79972a22fb8c747312b086f8289c3,2,train
275,248,f85b18932d490f44116baebaba21cd2957decdedf4bb856b2ae632ecbc7f3542,5,train
276,249,6eaa396a457e0721299a32a3a07ab5d1e03c5ab98ba289d0c1469ac011a4f39a,6,train
277,250,2779c5cff6a9f37a1cbc1a2c79aef07e8e866fdb1d2fa067cd2fd898b41bbd80,2,train
278,251,c76c753f5581165a9e72a4eae73e6030c95a53c57bcbecd0e9875994afcfda56,0,test
279,252,0074643ef124f1b83c7c3787ec5c053e4841e4406a9d25e448028d21eb4387ae,1,validacion
280,253,498380199ce3ca690e4579fd2a971ae22d0f8f9cfb0b08e659be6a88c69ae3e5,3,train
281,254,7d2d1b57b6d7690d7f203a4fd4795437124b7e65e2c23514012e692ba1d0ce04,4,train
282,255,5fd8525c993ccb6ae5ff3f3f293df708156e532a2586924e61c0da4104549229,5,train
283,256,3af5da14667fdf5bb37d11ebfda5c77520d02877d7da1121ae6a14fb9a3a8e9b,6,train
284,257,e0807e1d0391a9341755764d72629d6a11b097877d8d9154e1d9ebd78b70d845,6,train
285,258,594bbdd9a7418cfd6ef5d7cc54979320c039c16437dfa0814258d2ae5eb7a98a,4,train
286,259,99b4b7de20f6dad5011dceda319c537f4e4c0b1e9de1e11fb9ab2edc650a7f1d,0,test
287,260,658c483d9f65acff595b407036f9cc7c59bd6bd14d3132a9ec91eee690d09115,1,validacion
288,261,dd5b102dd694e2cbef1d5ec6b358d6ff7220f750181d960a06a0c12c543da88d,2,train
289,262,8be3a34a651ded991f49516e073028faf739c583f6c0023e43a5ed20dd54ac17,3,train
290,263,b145369bd62f9f55374a48305b345349efe15138079e482cfd775375910f9593,5,train
291,264,0b1f33ae5cd9332ffc04a8a3af1d7a7edd2540954a75fc96abccb287f34edd7c,1,validacion
292,265,8b8237df631a4467fe1d7ca7e8c846aaa35f72687594118b1ba9032b67505d3f,0,test
293,266,9a95198a08f6ed3a0a4938c51d3e35304f72aaffba61fc78c94837fb9017449e,2,train
294,267,2ceae0a13db4d0e2bb3fd3f0c5210e6f2e9ab0ebf436383d7068e96a9cad88fd,4,train
295,268,22b777f01b91e9956ffa9bd1e28763b6b761621d9aff47b01b816335e74e535c,5,train
296,269,205922c59cf01733eeaf693479ef8827ee340c5c4d2be489e07b8172a1de9d66,6,train
297,270,a2e2a4de9aab3ba1168b6ed16bd8d6b6eb07f1513da167d0d2eee9801d3e10c6,3,train
298,271,456c1e28ef8e99355ff5594a0c0adf7d7960e9e961158f12891743aabab06448,0,test
299,272,a39fea63d01159a677053c208a7f9b656aabdd9b11e52586935cb47aba2f1121,1,validacion
300,273,a7e657b6cd6a69f75bcdf157289d1b086d9117c29833d1aeb312f1e375b55339,2,train
301,274,d812c727574a5a17748226ff9a7d39c7c057be162512c8c9921fcd7e76cb9d70,4,train
302,275,69611d8776ce65dc672d858e5a360f321a110e96045863d6c549c5c23d27ff4f,3,train
303,276,083c3440f524c796637fea3741548bd12355192abf15badd603e113fb2c0d85c,4,train
304,277,696f5f854a689143f2fd9df0a7d213d7c127eb4f2dc7d9aca59b9c0cac516b6c,6,train
305,278,2fc66ca40fdaff0ba74259afbabbb8c5c37aa471e60af76a522a2300513d463a,5,train
306,279,dce09139b2a076cfcb3f3bffc6a148d6919bf28e05473e5c64f7a78dcedddeb6,0,test
307,280,965783f34a79693881d329b64c698dd1ea3265aac679c1c9007f95f9a7067a37,1,validacion
308,281,3e7e6546962fa30ffce214392041e83a82fd95cadbb5cb17f558b1d8b73667bd,2,train
309,282,f4f94646726b91f280177026657331c30e66b52fec97638da494e6593eece246,3,train
310,283,ef536407df2e790246ee7c887ed4de2c592d1be0a4b2bb4cbf1b88a5dbad4d50,4,train
311,284,90b2c6cdfbfd1c3e7f7bd1a41aa2dfbe7c930f989386d70448890e1abfc36714,5,train
312,285,76de3fb34aa4cd1c1ac58d627f77af8108728060c0f9391ef8dac0b56ec235b9,6,train
313,286,a6d85767558640356990e23380c1878741835a2ef38f517a2531c699a368c901,0,test
314,287,47eebb7f140c2ee28d5a04142908e557d70f62d9e6575b77de928b66be205129,3,train
315,288,edd9f6a61112154a5eeee389e4625f3321b45fc715306937b0e61b5a8ee98312,6,train
316,289,4f76576e6cd249927a818510f1dc790d4026d189f2988464879f7702ec83c7a6,1,validacion
317,290,59b34af299382dfc2e0272146f7161f7e5c66e783652dfcd2e3ee65ab5fd0ef3,2,train
318,291,4ff1a4769ab598e3cec74e3fcf7c0dbdd987a5fecaeeca0689748ac2d8f19183,4,train
319,292,da3440f65206d2d8bcfbfa417fc197a9b792ee2038b1ed10b84d2060819bc32c,5,train
320,293,8be847c720cc087f1189208edae0859218df7e6e789ad276310703e263e5730b,0,test
321,294,669632036f362e897c518cf822aaf464bab85eb02ffd3f60d151cd66ba7c3cb5,2,train
322,295,de9494cc5fd99f6110f719e4eabe2bbaf66c43d465ab7311d7542a9b2395fb57,4,train
323,296,afe33d1331a629df277f39bd71f0137f089a4e684d21ab695c2d4f714c79fc1b,1,validacion
324,297,d8c3d93e0f7be69bfe400bea30d7f97bc79eef5c0c7ded0441d4ce79fe548c8c,3,train
325,298,6ca6cc3b00a85d9a4aedcd46646cc4fa744a7599aea6fce74cfca10b914bddeb,5,train
326,299,0d504da00c8cc26a905f6f6ea6ad22b404719a9a514cc774f58e9b35ea7372b8,6,train
327,300,d18a7020aee35c35270f9f9d36fd8b88c23ea4d906ce667d8a616649c418aa39,0,test
328,301,d676dd796c467bdb34aebddb20ff7f2afa678eedd22248fff333e01f784b0eb6,2,train
329,302,3f268ee3acb6f56b8c3edc9352c3d9a48dca3a3afa579d4310ba3c1644fa139b,4,train
330,303,916efef87231f580b48e335f91abe3d3eac3d36d80520e6ca5b6690a3c1560b7,1,validacion
331,304,7d9f1577b2bdb7768428617e6fc2b1e76564ceba6e44bd56c55123e60f54c1a7,3,train
332,305,f69cd78be21ed5b09677b6c04cdce73fb03c11a077a09cd6ff22c40c7233b186,5,train
333,306,f2bf25f3d8b779ce3d0ee08a5d19a3bb0b60263f834f5f5e146c4dc448efa700,6,train
334,307,318eea14aa696c2fdd086f53260ebbb55b2cf223d0a4324abd0a044ca74d2058,0,test
335,308,40cd8fbb74249136a910faebdd2377741bfb4014af9845640e4a16d4f5bdb387,2,train
336,309,76fa16728db20923d27f3f55db72e520d87926822debb6fbebeaaf8cf3c1ecda,3,train
337,310,acfc179f780d47c3c6936d803b93b65906b0b989dcbdafdba383471ea92ab00b,4,train
338,311,d26168630077eae4099e87079da5cfe3f77c8050099b1359d8b5d89fc127f584,5,train
339,312,7cf8f5d3eaa7d6dbae897d86da6d70b6dae80ca5a840287a306bc34da4dd43d2,1,validacion
340,313,f84158b77b9df1ac59fbd92b081891869c57bb00cd86687932cbbae56ececb2e,6,train
341,314,502b434a4ad86ef3b7c7ee8358cb7c4ca40e2dca246cc490c76f51c00ca792b8,0,test
342,315,39542d1335cba04f449caced4948804e1a6afab68b7527d65e337c8dceb01d4d,1,validacion
343,316,b7c7b19f6f48c7eb96dd4af4faac912bb0429d49ada82683215aa913b4ff52c8,2,train
344,317,24d384624c5b135ddae8b0bbb8cfc3f8c74eee31c4e4ea729566059c204aefc5,5,train
345,318,0243eec41c734fd4514afe36aaaac61e89c5d14e9157944bb18d3f10c866cb76,3,train
346,319,939bf8ef7920e907414ab91bd5211498b12d49d00077dc74954bbcd328ab8288,4,train
347,320,7611e710f8757512ee3a1628997807a88d26948a5cbb01cdf31c00a1f545fc1a,6,train
348,321,ff313e45e58ff6cf6b0b85fe3df79e42ca32cabd95253b2925a98601fcbaf6ec,3,train
349,322,e7227329794a1f8012e7a126da1e45a3f6ab4ba5a13afade1a6d15771547911d,4,train
350,323,03b06fcce150d1174c110c4952bb0b7295c6400c4fee636d1072cdff19cd8777,0,test
351,324,42783cb5b982518d6a990a2a9cb8558ce223217199cde4ebafdd99772fa61074,1,validacion
352,325,f161a432906e7a186e5a60d337ef85f5d8f39a145e224dde98db90e22f2e7fcf,2,train
353,326,597b2db10afbf77551660906e64d676ec1540ff4d612aece50683e213cfacd4d,5,train
354,327,e38e0bbe116f506c3204b5b294baae6a32d98df9e3867c00d936b39cd6ad3c54,6,train
355,328,b25f8446e4bca9ac782c049922a71031e8a94faeb4dec5a704d4aa274981facd,2,train
356,329,d13dec517ac57ee6d5bd9b978911d7e4f0fc04412908b0a34ff0012b018f3cce,3,train
357,330,c46a1187a517d86bff31d6b59be4231315f17f94ed15afb7c647fed1e98c7c72,4,train
358,331,1591224b474733db8e6a481c582951165ccc265f7d2ebe73b2b2445ed247d0f9,5,train
359,332,49e57d8377a08df6da2264cfa772445bc9800f8c7509dbd87c727609d839e0f3,0,test
360,333,5001dec5c5508dfe20c133b82a657e2a4aaf941d15b58b8c6e03813527c5eac3,1,validacion
361,334,681d995dce50b75b9e5f162f7c9343070768689fefd2f4d851defedc09ab36a7,6,train
362,335,e42f9cb9c7ef51cc4bf0c6ba589bc2067518c1bfbcb1a40c0d7422d1b57c77c0,6,train
363,336,e03df659529f31545b49187b195bdc5e266db973bb3c25a02a4aa31790ac768d,2,train
364,337,89766268c8045a1afcc1e23fd6a36d3e3a9f0fc025aa44d018f2123242d90790,0,test
365,338,0cce3251cbcf26b4f22ffa58a6406fb575a5bfe1edfa561d5c2624f760a81441,3,train
366,339,78e7b7eb143f9a3508f31401807321d4c0e4807e2771bbdb802498af9c419f2a,1,validacion
367,340,5020ab3195fc2545051e78d0ad08349e4f52cb351020d8f944a85196eb78d2bb,4,train
368,341,8c5891ba65ccf03f450aa75b8d3a2d42e2eac7edb4ac3089758e41257d2958ef,5,train
369,342,7588719701db85fc07f3dfad08ea640f89e9cc7879c8c319a9374c741eba134d,0,test
370,343,f573f58eb8e6355708ddf4c3e941d32ee868a4d3307e137be6a3a460d6d6c744,1,validacion
371,344,570686cfd6766a5763b25ee9614ab9b0710fe80cc707656a5a990e22d0eb2c2c,2,train
372,345,d000cccef772a08599ddf32338892e00cd4e5762bb9b58c9f552fbc1d1ff3a37,5,train
373,346,2de132a4d49733d77650e6b98268ddc026db40abbfbd58d9e099fdf85e8f4f1d,3,train
374,347,1c25848b7abceeaaa466b4281c5dc67f78cd0aef94108152f65b9d2ff691a80d,4,train
375,348,739ffef052dd5616af20f061593e71b16760bda2b9d5dcba9d98ddf2e6e27713,6,train
376,349,65f7702a661d7771e8b80af5f22e15533135359a92a29b31e2d3d228c0a33d6d,3,train
377,350,adc87a5cd6737c2ad813c80561d2c13a312f0e58299a75db355bcba223a3ae94,6,train
378,351,bdc759eeba82e2ff238308e103ae93a5ebe37fccc0bc50aab57fbe99fc7eded8,2,train
379,352,e430711fcaf465936e822668137f713baf394b3f464284c8304c3663aea8537c,0,test
380,353,1c8fb38a02f781326e7f0fbe4be14db04ef13b7d6a48cbb884af2e04b0638ffc,1,validacion
381,354,1d1e9b708676f894f31ad0cd565cc25851ea1435afd18b781cfa107fa920a269,4,train
382,355,6aeea30a2a66465ac1ea16dbfde5ac6402401e9be7674abd93756ac3b0b8f5cc,5,train
